,trial,contrast_left,contrast_right,gocue_time,Path
0,1,100,25,0.7227701122845858,C:\Users\mreki\iBOTS-Developing-Data-Analysis-Projects\session2\data\steinmetz\no_neurons\raw\subject-Lederberg\session-20171209\task\trial_001.csv
0,2,0,0,0.6988943594082642,C:\Users\mreki\iBOTS-Developing-Data-Analysis-Projects\session2\data\steinmetz\no_neurons\raw\subject-Lederberg\session-20171209\task\trial_002.csv
0,3,0,0,0.7388084247734668,C:\Users\mreki\iBOTS-Developing-Data-Analysis-Projects\session2\data\steinmetz\no_neurons\raw\subject-Lederberg\session-20171209\task\trial_003.csv
0,4,0,0,0.7387097727286687,C:\Users\mreki\iBOTS-Developing-Data-Analysis-Projects\session2\data\steinmetz\no_neurons\raw\subject-Lederberg\session-20171209\task\trial_004.csv
0,5,100,100,0.6533909649457712,C:\Users\mreki\iBOTS-Developing-Data-Analysis-Projects\session2\data\steinmetz\no_neurons\raw\subject-Lederberg\session-20171209\task\trial_005.csv
0,6,100,50,0.6277149827389792,C:\Users\mreki\iBOTS-Developing-Data-Analysis-Projects\session2\data\steinmetz\no_neurons\raw\subject-Lederberg\session-20171209\task\trial_006.csv
0,7,0,50,0.6786972344522155,C:\Users\mreki\iBOTS-Developing-Data-Analysis-Projects\session2\data\steinmetz\no_neurons\raw\subject-Lederberg\session-20171209\task\trial_007.csv
0,8,0,0,0.4672208860079365,C:\Users\mreki\iBOTS-Developing-Data-Analysis-Projects\session2\data\steinmetz\no_neurons\raw\subject-Lederberg\session-20171209\task\trial_008.csv
0,9,100,100,0.7489947022700676,C:\Users\mreki\iBOTS-Developing-Data-Analysis-Projects\session2\data\steinmetz\no_neurons\raw\subject-Lederberg\session-20171209\task\trial_009.csv
0,10,0,0,0.5333781099178623,C:\Users\mreki\iBOTS-Developing-Data-Analysis-Projects\session2\data\steinmetz\no_neurons\raw\subject-Lederberg\session-20171209\task\trial_010.csv
0,11,0,0,0.6085046567925474,C:\Users\mreki\iBOTS-Developing-Data-Analysis-Projects\session2\data\steinmetz\no_neurons\raw\subject-Lederberg\session-20171209\task\trial_011.csv
0,12,100,50,0.7781070497245253,C:\Users\mreki\iBOTS-Developing-Data-Analysis-Projects\session2\data\steinmetz\no_neurons\raw\subject-Lederberg\session-20171209\task\trial_012.csv
0,13,0,0,0.6280602975161287,C:\Users\mreki\iBOTS-Developing-Data-Analysis-Projects\session2\data\steinmetz\no_neurons\raw\subject-Lederberg\session-20171209\task\trial_013.csv
0,14,100,25,0.4978382223402207,C:\Users\mreki\iBOTS-Developing-Data-Analysis-Projects\session2\data\steinmetz\no_neurons\raw\subject-Lederberg\session-20171209\task\trial_014.csv
0,15,0,0,0.6232574617199589,C:\Users\mreki\iBOTS-Developing-Data-Analysis-Projects\session2\data\steinmetz\no_neurons\raw\subject-Lederberg\session-20171209\task\trial_015.csv
0,16,50,100,0.6784704479914296,C:\Users\mreki\iBOTS-Developing-Data-Analysis-Projects\session2\data\steinmetz\no_neurons\raw\subject-Lederberg\session-20171209\task\trial_016.csv
0,17,0,0,0.6930522159198347,C:\Users\mreki\iBOTS-Developing-Data-Analysis-Projects\session2\data\steinmetz\no_neurons\raw\subject-Lederberg\session-20171209\task\trial_017.csv
0,18,0,0,0.4980414288248767,C:\Users\mreki\iBOTS-Developing-Data-Analysis-Projects\session2\data\steinmetz\no_neurons\raw\subject-Lederberg\session-20171209\task\trial_018.csv
0,19,0,0,0.4032585769097352,C:\Users\mreki\iBOTS-Developing-Data-Analysis-Projects\session2\data\steinmetz\no_neurons\raw\subject-Lederberg\session-20171209\task\trial_019.csv
0,20,50,100,0.4832319824591877,C:\Users\mreki\iBOTS-Developing-Data-Analysis-Projects\session2\data\steinmetz\no_neurons\raw\subject-Lederberg\session-20171209\task\trial_020.csv
0,21,50,0,0.4528379132014493,C:\Users\mreki\iBOTS-Developing-Data-Analysis-Projects\session2\data\steinmetz\no_neurons\raw\subject-Lederberg\session-20171209\task\trial_021.csv
0,22,0,50,0.6732459655198397,C:\Users\mreki\iBOTS-Developing-Data-Analysis-Projects\session2\data\steinmetz\no_neurons\raw\subject-Lederberg\session-20171209\task\trial_022.csv
0,23,100,0,0.6133366169303542,C:\Users\mreki\iBOTS-Developing-Data-Analysis-Projects\session2\data\steinmetz\no_neurons\raw\subject-Lederberg\session-20171209\task\trial_023.csv
0,24,25,100,0.4532544853018976,C:\Users\mreki\iBOTS-Developing-Data-Analysis-Projects\session2\data\steinmetz\no_neurons\raw\subject-Lederberg\session-20171209\task\trial_024.csv
0,25,0,100,0.792569489220142,C:\Users\mreki\iBOTS-Developing-Data-Analysis-Projects\session2\data\steinmetz\no_neurons\raw\subject-Lederberg\session-20171209\task\trial_025.csv
0,26,0,100,0.6932522160570329,C:\Users\mreki\iBOTS-Developing-Data-Analysis-Projects\session2\data\steinmetz\no_neurons\raw\subject-Lederberg\session-20171209\task\trial_026.csv
0,27,0,50,0.3980112126021424,C:\Users\mreki\iBOTS-Developing-Data-Analysis-Projects\session2\data\steinmetz\no_neurons\raw\subject-Lederberg\session-20171209\task\trial_027.csv
0,28,25,0,0.5132159442977979,C:\Users\mreki\iBOTS-Developing-Data-Analysis-Projects\session2\data\steinmetz\no_neurons\raw\subject-Lederberg\session-20171209\task\trial_028.csv
0,29,0,50,0.5124159405718842,C:\Users\mreki\iBOTS-Developing-Data-Analysis-Projects\session2\data\steinmetz\no_neurons\raw\subject-Lederberg\session-20171209\task\trial_029.csv
0,30,100,50,0.437871974823139,C:\Users\mreki\iBOTS-Developing-Data-Analysis-Projects\session2\data\steinmetz\no_neurons\raw\subject-Lederberg\session-20171209\task\trial_030.csv
0,31,50,100,0.7030657774043618,C:\Users\mreki\iBOTS-Developing-Data-Analysis-Projects\session2\data\steinmetz\no_neurons\raw\subject-Lederberg\session-20171209\task\trial_031.csv
0,32,0,50,0.6530104708255067,C:\Users\mreki\iBOTS-Developing-Data-Analysis-Projects\session2\data\steinmetz\no_neurons\raw\subject-Lederberg\session-20171209\task\trial_032.csv
0,33,25,100,0.7930994366003858,C:\Users\mreki\iBOTS-Developing-Data-Analysis-Projects\session2\data\steinmetz\no_neurons\raw\subject-Lederberg\session-20171209\task\trial_033.csv
0,34,100,25,0.593509818259065,C:\Users\mreki\iBOTS-Developing-Data-Analysis-Projects\session2\data\steinmetz\no_neurons\raw\subject-Lederberg\session-20171209\task\trial_034.csv
0,35,50,100,0.5929865735691067,C:\Users\mreki\iBOTS-Developing-Data-Analysis-Projects\session2\data\steinmetz\no_neurons\raw\subject-Lederberg\session-20171209\task\trial_035.csv
0,36,100,25,0.7133545313984655,C:\Users\mreki\iBOTS-Developing-Data-Analysis-Projects\session2\data\steinmetz\no_neurons\raw\subject-Lederberg\session-20171209\task\trial_036.csv
0,37,100,25,0.6932498449604907,C:\Users\mreki\iBOTS-Developing-Data-Analysis-Projects\session2\data\steinmetz\no_neurons\raw\subject-Lederberg\session-20171209\task\trial_037.csv
0,38,100,25,0.692312714780428,C:\Users\mreki\iBOTS-Developing-Data-Analysis-Projects\session2\data\steinmetz\no_neurons\raw\subject-Lederberg\session-20171209\task\trial_038.csv
0,39,50,25,0.7381592976912827,C:\Users\mreki\iBOTS-Developing-Data-Analysis-Projects\session2\data\steinmetz\no_neurons\raw\subject-Lederberg\session-20171209\task\trial_039.csv
0,40,0,0,0.7484494102790507,C:\Users\mreki\iBOTS-Developing-Data-Analysis-Projects\session2\data\steinmetz\no_neurons\raw\subject-Lederberg\session-20171209\task\trial_040.csv
0,41,50,0,0.7826338111499638,C:\Users\mreki\iBOTS-Developing-Data-Analysis-Projects\session2\data\steinmetz\no_neurons\raw\subject-Lederberg\session-20171209\task\trial_041.csv
0,42,0,0,0.6080094583821278,C:\Users\mreki\iBOTS-Developing-Data-Analysis-Projects\session2\data\steinmetz\no_neurons\raw\subject-Lederberg\session-20171209\task\trial_042.csv
0,43,0,0,0.6283488630687657,C:\Users\mreki\iBOTS-Developing-Data-Analysis-Projects\session2\data\steinmetz\no_neurons\raw\subject-Lederberg\session-20171209\task\trial_043.csv
0,44,0,100,0.7774992249381683,C:\Users\mreki\iBOTS-Developing-Data-Analysis-Projects\session2\data\steinmetz\no_neurons\raw\subject-Lederberg\session-20171209\task\trial_044.csv
0,45,50,25,0.4020712751662074,C:\Users\mreki\iBOTS-Developing-Data-Analysis-Projects\session2\data\steinmetz\no_neurons\raw\subject-Lederberg\session-20171209\task\trial_045.csv
0,46,0,0,0.628110205238869,C:\Users\mreki\iBOTS-Developing-Data-Analysis-Projects\session2\data\steinmetz\no_neurons\raw\subject-Lederberg\session-20171209\task\trial_046.csv
0,47,0,0,0.727371006759796,C:\Users\mreki\iBOTS-Developing-Data-Analysis-Projects\session2\data\steinmetz\no_neurons\raw\subject-Lederberg\session-20171209\task\trial_047.csv
0,48,0,0,0.6628637194920373,C:\Users\mreki\iBOTS-Developing-Data-Analysis-Projects\session2\data\steinmetz\no_neurons\raw\subject-Lederberg\session-20171209\task\trial_048.csv
0,49,0,0,0.6477987903243161,C:\Users\mreki\iBOTS-Developing-Data-Analysis-Projects\session2\data\steinmetz\no_neurons\raw\subject-Lederberg\session-20171209\task\trial_049.csv
0,50,0,50,0.7031068243601624,C:\Users\mreki\iBOTS-Developing-Data-Analysis-Projects\session2\data\steinmetz\no_neurons\raw\subject-Lederberg\session-20171209\task\trial_050.csv
0,51,0,0,0.4675956255809979,C:\Users\mreki\iBOTS-Developing-Data-Analysis-Projects\session2\data\steinmetz\no_neurons\raw\subject-Lederberg\session-20171209\task\trial_051.csv
0,52,0,50,0.7233473572939033,C:\Users\mreki\iBOTS-Developing-Data-Analysis-Projects\session2\data\steinmetz\no_neurons\raw\subject-Lederberg\session-20171209\task\trial_052.csv
0,53,50,25,0.5727346186465638,C:\Users\mreki\iBOTS-Developing-Data-Analysis-Projects\session2\data\steinmetz\no_neurons\raw\subject-Lederberg\session-20171209\task\trial_053.csv
0,54,0,0,0.7129424205072041,C:\Users\mreki\iBOTS-Developing-Data-Analysis-Projects\session2\data\steinmetz\no_neurons\raw\subject-Lederberg\session-20171209\task\trial_054.csv
0,55,0,0,0.4577248270304608,C:\Users\mreki\iBOTS-Developing-Data-Analysis-Projects\session2\data\steinmetz\no_neurons\raw\subject-Lederberg\session-20171209\task\trial_055.csv
0,56,50,100,0.6177900220572496,C:\Users\mreki\iBOTS-Developing-Data-Analysis-Projects\session2\data\steinmetz\no_neurons\raw\subject-Lederberg\session-20171209\task\trial_056.csv
0,57,0,0,0.5081617911444027,C:\Users\mreki\iBOTS-Developing-Data-Analysis-Projects\session2\data\steinmetz\no_neurons\raw\subject-Lederberg\session-20171209\task\trial_057.csv
0,58,0,0,0.6274304684330332,C:\Users\mreki\iBOTS-Developing-Data-Analysis-Projects\session2\data\steinmetz\no_neurons\raw\subject-Lederberg\session-20171209\task\trial_058.csv
0,59,25,100,0.4632234893138616,C:\Users\mreki\iBOTS-Developing-Data-Analysis-Projects\session2\data\steinmetz\no_neurons\raw\subject-Lederberg\session-20171209\task\trial_059.csv
0,60,25,100,0.5680229359957139,C:\Users\mreki\iBOTS-Developing-Data-Analysis-Projects\session2\data\steinmetz\no_neurons\raw\subject-Lederberg\session-20171209\task\trial_060.csv
0,61,100,0,0.5628308866586167,C:\Users\mreki\iBOTS-Developing-Data-Analysis-Projects\session2\data\steinmetz\no_neurons\raw\subject-Lederberg\session-20171209\task\trial_061.csv
0,62,50,0,0.7431849250647815,C:\Users\mreki\iBOTS-Developing-Data-Analysis-Projects\session2\data\steinmetz\no_neurons\raw\subject-Lederberg\session-20171209\task\trial_062.csv
0,63,100,50,0.6669152968099183,C:\Users\mreki\iBOTS-Developing-Data-Analysis-Projects\session2\data\steinmetz\no_neurons\raw\subject-Lederberg\session-20171209\task\trial_063.csv
0,64,0,100,0.7328944346033381,C:\Users\mreki\iBOTS-Developing-Data-Analysis-Projects\session2\data\steinmetz\no_neurons\raw\subject-Lederberg\session-20171209\task\trial_064.csv
0,65,0,25,0.732417445236365,C:\Users\mreki\iBOTS-Developing-Data-Analysis-Projects\session2\data\steinmetz\no_neurons\raw\subject-Lederberg\session-20171209\task\trial_065.csv
0,66,0,50,0.7480693861865007,C:\Users\mreki\iBOTS-Developing-Data-Analysis-Projects\session2\data\steinmetz\no_neurons\raw\subject-Lederberg\session-20171209\task\trial_066.csv
0,67,100,0,0.51285675792451,C:\Users\mreki\iBOTS-Developing-Data-Analysis-Projects\session2\data\steinmetz\no_neurons\raw\subject-Lederberg\session-20171209\task\trial_067.csv
0,68,0,0,0.6225793812011489,C:\Users\mreki\iBOTS-Developing-Data-Analysis-Projects\session2\data\steinmetz\no_neurons\raw\subject-Lederberg\session-20171209\task\trial_068.csv
0,69,50,0,0.4671819715219385,C:\Users\mreki\iBOTS-Developing-Data-Analysis-Projects\session2\data\steinmetz\no_neurons\raw\subject-Lederberg\session-20171209\task\trial_069.csv
0,70,100,0,0.5870056378957429,C:\Users\mreki\iBOTS-Developing-Data-Analysis-Projects\session2\data\steinmetz\no_neurons\raw\subject-Lederberg\session-20171209\task\trial_070.csv
0,71,50,25,0.3977724559817943,C:\Users\mreki\iBOTS-Developing-Data-Analysis-Projects\session2\data\steinmetz\no_neurons\raw\subject-Lederberg\session-20171209\task\trial_071.csv
0,72,100,100,0.6379491985945833,C:\Users\mreki\iBOTS-Developing-Data-Analysis-Projects\session2\data\steinmetz\no_neurons\raw\subject-Lederberg\session-20171209\task\trial_072.csv
0,73,0,0,0.5267952714086732,C:\Users\mreki\iBOTS-Developing-Data-Analysis-Projects\session2\data\steinmetz\no_neurons\raw\subject-Lederberg\session-20171209\task\trial_073.csv
0,74,100,25,0.6625169651258602,C:\Users\mreki\iBOTS-Developing-Data-Analysis-Projects\session2\data\steinmetz\no_neurons\raw\subject-Lederberg\session-20171209\task\trial_074.csv
0,75,100,25,0.5170883195756346,C:\Users\mreki\iBOTS-Developing-Data-Analysis-Projects\session2\data\steinmetz\no_neurons\raw\subject-Lederberg\session-20171209\task\trial_075.csv
0,76,100,0,0.6467187668529846,C:\Users\mreki\iBOTS-Developing-Data-Analysis-Projects\session2\data\steinmetz\no_neurons\raw\subject-Lederberg\session-20171209\task\trial_076.csv
0,77,100,0,0.4026722788873371,C:\Users\mreki\iBOTS-Developing-Data-Analysis-Projects\session2\data\steinmetz\no_neurons\raw\subject-Lederberg\session-20171209\task\trial_077.csv
0,78,0,50,0.702673170875471,C:\Users\mreki\iBOTS-Developing-Data-Analysis-Projects\session2\data\steinmetz\no_neurons\raw\subject-Lederberg\session-20171209\task\trial_078.csv
0,79,25,100,0.7778875068468665,C:\Users\mreki\iBOTS-Developing-Data-Analysis-Projects\session2\data\steinmetz\no_neurons\raw\subject-Lederberg\session-20171209\task\trial_079.csv
0,80,100,25,0.4378524588897221,C:\Users\mreki\iBOTS-Developing-Data-Analysis-Projects\session2\data\steinmetz\no_neurons\raw\subject-Lederberg\session-20171209\task\trial_080.csv
0,81,0,0,0.7923559250971266,C:\Users\mreki\iBOTS-Developing-Data-Analysis-Projects\session2\data\steinmetz\no_neurons\raw\subject-Lederberg\session-20171209\task\trial_081.csv
0,82,50,0,0.6428569301540961,C:\Users\mreki\iBOTS-Developing-Data-Analysis-Projects\session2\data\steinmetz\no_neurons\raw\subject-Lederberg\session-20171209\task\trial_082.csv
0,83,0,0,0.6680161283660482,C:\Users\mreki\iBOTS-Developing-Data-Analysis-Projects\session2\data\steinmetz\no_neurons\raw\subject-Lederberg\session-20171209\task\trial_083.csv
0,84,0,0,0.7625937148650905,C:\Users\mreki\iBOTS-Developing-Data-Analysis-Projects\session2\data\steinmetz\no_neurons\raw\subject-Lederberg\session-20171209\task\trial_084.csv
0,85,0,100,0.6318733363372075,C:\Users\mreki\iBOTS-Developing-Data-Analysis-Projects\session2\data\steinmetz\no_neurons\raw\subject-Lederberg\session-20171209\task\trial_085.csv
0,86,50,0,0.4676322265971748,C:\Users\mreki\iBOTS-Developing-Data-Analysis-Projects\session2\data\steinmetz\no_neurons\raw\subject-Lederberg\session-20171209\task\trial_086.csv
0,87,50,0,0.6726265714867736,C:\Users\mreki\iBOTS-Developing-Data-Analysis-Projects\session2\data\steinmetz\no_neurons\raw\subject-Lederberg\session-20171209\task\trial_087.csv
0,88,50,0,0.4575944676784047,C:\Users\mreki\iBOTS-Developing-Data-Analysis-Projects\session2\data\steinmetz\no_neurons\raw\subject-Lederberg\session-20171209\task\trial_088.csv
0,89,0,0,0.4069838072534821,C:\Users\mreki\iBOTS-Developing-Data-Analysis-Projects\session2\data\steinmetz\no_neurons\raw\subject-Lederberg\session-20171209\task\trial_089.csv
0,90,0,0,0.5527963345836611,C:\Users\mreki\iBOTS-Developing-Data-Analysis-Projects\session2\data\steinmetz\no_neurons\raw\subject-Lederberg\session-20171209\task\trial_090.csv
0,91,0,100,0.4374773436445025,C:\Users\mreki\iBOTS-Developing-Data-Analysis-Projects\session2\data\steinmetz\no_neurons\raw\subject-Lederberg\session-20171209\task\trial_091.csv
0,92,100,0,0.7073820448086394,C:\Users\mreki\iBOTS-Developing-Data-Analysis-Projects\session2\data\steinmetz\no_neurons\raw\subject-Lederberg\session-20171209\task\trial_092.csv
0,93,0,0,0.6827063806998694,C:\Users\mreki\iBOTS-Developing-Data-Analysis-Projects\session2\data\steinmetz\no_neurons\raw\subject-Lederberg\session-20171209\task\trial_093.csv
0,94,0,0,0.5577529595474289,C:\Users\mreki\iBOTS-Developing-Data-Analysis-Projects\session2\data\steinmetz\no_neurons\raw\subject-Lederberg\session-20171209\task\trial_094.csv
0,95,0,0,0.5075021892935752,C:\Users\mreki\iBOTS-Developing-Data-Analysis-Projects\session2\data\steinmetz\no_neurons\raw\subject-Lederberg\session-20171209\task\trial_095.csv
0,96,0,0,0.5021995685967227,C:\Users\mreki\iBOTS-Developing-Data-Analysis-Projects\session2\data\steinmetz\no_neurons\raw\subject-Lederberg\session-20171209\task\trial_096.csv
0,97,0,0,0.522345658425877,C:\Users\mreki\iBOTS-Developing-Data-Analysis-Projects\session2\data\steinmetz\no_neurons\raw\subject-Lederberg\session-20171209\task\trial_097.csv
0,98,0,0,0.4268637425303723,C:\Users\mreki\iBOTS-Developing-Data-Analysis-Projects\session2\data\steinmetz\no_neurons\raw\subject-Lederberg\session-20171209\task\trial_098.csv
0,99,100,25,0.4073822943096843,C:\Users\mreki\iBOTS-Developing-Data-Analysis-Projects\session2\data\steinmetz\no_neurons\raw\subject-Lederberg\session-20171209\task\trial_099.csv
0,100,0,0,0.602246286378886,C:\Users\mreki\iBOTS-Developing-Data-Analysis-Projects\session2\data\steinmetz\no_neurons\raw\subject-Lederberg\session-20171209\task\trial_100.csv
0,101,100,25,0.7874766616379816,C:\Users\mreki\iBOTS-Developing-Data-Analysis-Projects\session2\data\steinmetz\no_neurons\raw\subject-Lederberg\session-20171209\task\trial_101.csv
0,102,0,100,0.7472905303456514,C:\Users\mreki\iBOTS-Developing-Data-Analysis-Projects\session2\data\steinmetz\no_neurons\raw\subject-Lederberg\session-20171209\task\trial_102.csv
0,103,25,100,0.7070615317119291,C:\Users\mreki\iBOTS-Developing-Data-Analysis-Projects\session2\data\steinmetz\no_neurons\raw\subject-Lederberg\session-20171209\task\trial_103.csv
0,104,0,25,0.732405427792969,C:\Users\mreki\iBOTS-Developing-Data-Analysis-Projects\session2\data\steinmetz\no_neurons\raw\subject-Lederberg\session-20171209\task\trial_104.csv
0,105,100,25,0.5124972592861923,C:\Users\mreki\iBOTS-Developing-Data-Analysis-Projects\session2\data\steinmetz\no_neurons\raw\subject-Lederberg\session-20171209\task\trial_105.csv
0,106,25,100,0.4514547930349408,C:\Users\mreki\iBOTS-Developing-Data-Analysis-Projects\session2\data\steinmetz\no_neurons\raw\subject-Lederberg\session-20171209\task\trial_106.csv
0,107,25,100,0.5920989880485195,C:\Users\mreki\iBOTS-Developing-Data-Analysis-Projects\session2\data\steinmetz\no_neurons\raw\subject-Lederberg\session-20171209\task\trial_107.csv
0,108,100,0,0.4924114008530296,C:\Users\mreki\iBOTS-Developing-Data-Analysis-Projects\session2\data\steinmetz\no_neurons\raw\subject-Lederberg\session-20171209\task\trial_108.csv
0,109,100,0,0.4223925442573772,C:\Users\mreki\iBOTS-Developing-Data-Analysis-Projects\session2\data\steinmetz\no_neurons\raw\subject-Lederberg\session-20171209\task\trial_109.csv
0,110,50,0,0.5119795520955677,C:\Users\mreki\iBOTS-Developing-Data-Analysis-Projects\session2\data\steinmetz\no_neurons\raw\subject-Lederberg\session-20171209\task\trial_110.csv
0,111,0,0,0.5070609782427482,C:\Users\mreki\iBOTS-Developing-Data-Analysis-Projects\session2\data\steinmetz\no_neurons\raw\subject-Lederberg\session-20171209\task\trial_111.csv
0,112,0,0,0.6564571870807185,C:\Users\mreki\iBOTS-Developing-Data-Analysis-Projects\session2\data\steinmetz\no_neurons\raw\subject-Lederberg\session-20171209\task\trial_112.csv
0,113,50,50,0.5667090033236946,C:\Users\mreki\iBOTS-Developing-Data-Analysis-Projects\session2\data\steinmetz\no_neurons\raw\subject-Lederberg\session-20171209\task\trial_113.csv
0,114,50,50,0.6124734125188525,C:\Users\mreki\iBOTS-Developing-Data-Analysis-Projects\session2\data\steinmetz\no_neurons\raw\subject-Lederberg\session-20171209\task\trial_114.csv
0,115,0,0,0.7673672736433446,C:\Users\mreki\iBOTS-Developing-Data-Analysis-Projects\session2\data\steinmetz\no_neurons\raw\subject-Lederberg\session-20171209\task\trial_115.csv
0,116,0,100,0.5865301651417667,C:\Users\mreki\iBOTS-Developing-Data-Analysis-Projects\session2\data\steinmetz\no_neurons\raw\subject-Lederberg\session-20171209\task\trial_116.csv
0,117,25,100,0.7270388375726498,C:\Users\mreki\iBOTS-Developing-Data-Analysis-Projects\session2\data\steinmetz\no_neurons\raw\subject-Lederberg\session-20171209\task\trial_117.csv
0,118,100,50,0.5868001520697135,C:\Users\mreki\iBOTS-Developing-Data-Analysis-Projects\session2\data\steinmetz\no_neurons\raw\subject-Lederberg\session-20171209\task\trial_118.csv
0,119,50,0,0.7019285059782305,C:\Users\mreki\iBOTS-Developing-Data-Analysis-Projects\session2\data\steinmetz\no_neurons\raw\subject-Lederberg\session-20171209\task\trial_119.csv
0,120,0,0,0.6275070842154946,C:\Users\mreki\iBOTS-Developing-Data-Analysis-Projects\session2\data\steinmetz\no_neurons\raw\subject-Lederberg\session-20171209\task\trial_120.csv
0,121,0,0,0.7469883581100021,C:\Users\mreki\iBOTS-Developing-Data-Analysis-Projects\session2\data\steinmetz\no_neurons\raw\subject-Lederberg\session-20171209\task\trial_121.csv
0,122,0,0,0.7422477933522487,C:\Users\mreki\iBOTS-Developing-Data-Analysis-Projects\session2\data\steinmetz\no_neurons\raw\subject-Lederberg\session-20171209\task\trial_122.csv
0,123,50,25,0.4523854924636907,C:\Users\mreki\iBOTS-Developing-Data-Analysis-Projects\session2\data\steinmetz\no_neurons\raw\subject-Lederberg\session-20171209\task\trial_123.csv
0,124,0,25,0.707446072530729,C:\Users\mreki\iBOTS-Developing-Data-Analysis-Projects\session2\data\steinmetz\no_neurons\raw\subject-Lederberg\session-20171209\task\trial_124.csv
0,125,25,0,0.5620304685288602,C:\Users\mreki\iBOTS-Developing-Data-Analysis-Projects\session2\data\steinmetz\no_neurons\raw\subject-Lederberg\session-20171209\task\trial_125.csv
0,126,0,100,0.6124239849771129,C:\Users\mreki\iBOTS-Developing-Data-Analysis-Projects\session2\data\steinmetz\no_neurons\raw\subject-Lederberg\session-20171209\task\trial_126.csv
0,127,50,100,0.6172309360487134,C:\Users\mreki\iBOTS-Developing-Data-Analysis-Projects\session2\data\steinmetz\no_neurons\raw\subject-Lederberg\session-20171209\task\trial_127.csv
0,128,25,25,0.5867824120443856,C:\Users\mreki\iBOTS-Developing-Data-Analysis-Projects\session2\data\steinmetz\no_neurons\raw\subject-Lederberg\session-20171209\task\trial_128.csv
0,129,25,0,0.4217548065989831,C:\Users\mreki\iBOTS-Developing-Data-Analysis-Projects\session2\data\steinmetz\no_neurons\raw\subject-Lederberg\session-20171209\task\trial_129.csv
0,130,100,25,0.4615080114518832,C:\Users\mreki\iBOTS-Developing-Data-Analysis-Projects\session2\data\steinmetz\no_neurons\raw\subject-Lederberg\session-20171209\task\trial_130.csv
0,131,0,25,0.6264218822341263,C:\Users\mreki\iBOTS-Developing-Data-Analysis-Projects\session2\data\steinmetz\no_neurons\raw\subject-Lederberg\session-20171209\task\trial_131.csv
0,132,25,100,0.6773419394328357,C:\Users\mreki\iBOTS-Developing-Data-Analysis-Projects\session2\data\steinmetz\no_neurons\raw\subject-Lederberg\session-20171209\task\trial_132.csv
0,133,0,50,0.7572711451131227,C:\Users\mreki\iBOTS-Developing-Data-Analysis-Projects\session2\data\steinmetz\no_neurons\raw\subject-Lederberg\session-20171209\task\trial_133.csv
0,134,0,0,0.6917254690978325,C:\Users\mreki\iBOTS-Developing-Data-Analysis-Projects\session2\data\steinmetz\no_neurons\raw\subject-Lederberg\session-20171209\task\trial_134.csv
0,135,0,0,0.4564863811614259,C:\Users\mreki\iBOTS-Developing-Data-Analysis-Projects\session2\data\steinmetz\no_neurons\raw\subject-Lederberg\session-20171209\task\trial_135.csv
0,136,0,0,0.6569667890890969,C:\Users\mreki\iBOTS-Developing-Data-Analysis-Projects\session2\data\steinmetz\no_neurons\raw\subject-Lederberg\session-20171209\task\trial_136.csv
0,137,50,0,0.7522450292742633,C:\Users\mreki\iBOTS-Developing-Data-Analysis-Projects\session2\data\steinmetz\no_neurons\raw\subject-Lederberg\session-20171209\task\trial_137.csv
0,138,100,0,0.7572083482646121,C:\Users\mreki\iBOTS-Developing-Data-Analysis-Projects\session2\data\steinmetz\no_neurons\raw\subject-Lederberg\session-20171209\task\trial_138.csv
0,139,100,0,0.5772464938494295,C:\Users\mreki\iBOTS-Developing-Data-Analysis-Projects\session2\data\steinmetz\no_neurons\raw\subject-Lederberg\session-20171209\task\trial_139.csv
0,140,0,50,0.4510350082118748,C:\Users\mreki\iBOTS-Developing-Data-Analysis-Projects\session2\data\steinmetz\no_neurons\raw\subject-Lederberg\session-20171209\task\trial_140.csv
0,141,25,100,0.5821164001079069,C:\Users\mreki\iBOTS-Developing-Data-Analysis-Projects\session2\data\steinmetz\no_neurons\raw\subject-Lederberg\session-20171209\task\trial_141.csv
0,142,0,25,0.671874194956672,C:\Users\mreki\iBOTS-Developing-Data-Analysis-Projects\session2\data\steinmetz\no_neurons\raw\subject-Lederberg\session-20171209\task\trial_142.csv
0,143,0,25,0.5071627081781571,C:\Users\mreki\iBOTS-Developing-Data-Analysis-Projects\session2\data\steinmetz\no_neurons\raw\subject-Lederberg\session-20171209\task\trial_143.csv
0,144,0,50,0.4468816220361304,C:\Users\mreki\iBOTS-Developing-Data-Analysis-Projects\session2\data\steinmetz\no_neurons\raw\subject-Lederberg\session-20171209\task\trial_144.csv
0,145,50,100,0.5366073009704451,C:\Users\mreki\iBOTS-Developing-Data-Analysis-Projects\session2\data\steinmetz\no_neurons\raw\subject-Lederberg\session-20171209\task\trial_145.csv
0,146,100,25,0.4719123123177269,C:\Users\mreki\iBOTS-Developing-Data-Analysis-Projects\session2\data\steinmetz\no_neurons\raw\subject-Lederberg\session-20171209\task\trial_146.csv
0,147,50,25,0.4472378724150303,C:\Users\mreki\iBOTS-Developing-Data-Analysis-Projects\session2\data\steinmetz\no_neurons\raw\subject-Lederberg\session-20171209\task\trial_147.csv
0,148,50,0,0.6416227226858382,C:\Users\mreki\iBOTS-Developing-Data-Analysis-Projects\session2\data\steinmetz\no_neurons\raw\subject-Lederberg\session-20171209\task\trial_148.csv
0,149,25,25,0.5269596498537794,C:\Users\mreki\iBOTS-Developing-Data-Analysis-Projects\session2\data\steinmetz\no_neurons\raw\subject-Lederberg\session-20171209\task\trial_149.csv
0,150,25,100,0.7569060053597241,C:\Users\mreki\iBOTS-Developing-Data-Analysis-Projects\session2\data\steinmetz\no_neurons\raw\subject-Lederberg\session-20171209\task\trial_150.csv
0,151,0,100,0.7517093759806812,C:\Users\mreki\iBOTS-Developing-Data-Analysis-Projects\session2\data\steinmetz\no_neurons\raw\subject-Lederberg\session-20171209\task\trial_151.csv
0,152,0,25,0.4719997862978289,C:\Users\mreki\iBOTS-Developing-Data-Analysis-Projects\session2\data\steinmetz\no_neurons\raw\subject-Lederberg\session-20171209\task\trial_152.csv
0,153,50,0,0.7817116820250476,C:\Users\mreki\iBOTS-Developing-Data-Analysis-Projects\session2\data\steinmetz\no_neurons\raw\subject-Lederberg\session-20171209\task\trial_153.csv
0,154,0,0,0.7418749783544172,C:\Users\mreki\iBOTS-Developing-Data-Analysis-Projects\session2\data\steinmetz\no_neurons\raw\subject-Lederberg\session-20171209\task\trial_154.csv
0,155,0,0,0.7571555887699333,C:\Users\mreki\iBOTS-Developing-Data-Analysis-Projects\session2\data\steinmetz\no_neurons\raw\subject-Lederberg\session-20171209\task\trial_155.csv
0,156,0,0,0.7619510875857713,C:\Users\mreki\iBOTS-Developing-Data-Analysis-Projects\session2\data\steinmetz\no_neurons\raw\subject-Lederberg\session-20171209\task\trial_156.csv
0,157,0,0,0.530921731109629,C:\Users\mreki\iBOTS-Developing-Data-Analysis-Projects\session2\data\steinmetz\no_neurons\raw\subject-Lederberg\session-20171209\task\trial_157.csv
0,158,0,0,0.7072121025146316,C:\Users\mreki\iBOTS-Developing-Data-Analysis-Projects\session2\data\steinmetz\no_neurons\raw\subject-Lederberg\session-20171209\task\trial_158.csv
0,159,50,0,0.4920419702241361,C:\Users\mreki\iBOTS-Developing-Data-Analysis-Projects\session2\data\steinmetz\no_neurons\raw\subject-Lederberg\session-20171209\task\trial_159.csv
0,160,0,0,0.7370088027756765,C:\Users\mreki\iBOTS-Developing-Data-Analysis-Projects\session2\data\steinmetz\no_neurons\raw\subject-Lederberg\session-20171209\task\trial_160.csv
0,161,50,100,0.7165383746105363,C:\Users\mreki\iBOTS-Developing-Data-Analysis-Projects\session2\data\steinmetz\no_neurons\raw\subject-Lederberg\session-20171209\task\trial_161.csv
0,162,0,0,0.4515839039613638,C:\Users\mreki\iBOTS-Developing-Data-Analysis-Projects\session2\data\steinmetz\no_neurons\raw\subject-Lederberg\session-20171209\task\trial_162.csv
0,163,0,0,0.4332555697559428,C:\Users\mreki\iBOTS-Developing-Data-Analysis-Projects\session2\data\steinmetz\no_neurons\raw\subject-Lederberg\session-20171209\task\trial_163.csv
0,164,50,0,0.6366237382972031,C:\Users\mreki\iBOTS-Developing-Data-Analysis-Projects\session2\data\steinmetz\no_neurons\raw\subject-Lederberg\session-20171209\task\trial_164.csv
0,165,50,25,0.4110558657097272,C:\Users\mreki\iBOTS-Developing-Data-Analysis-Projects\session2\data\steinmetz\no_neurons\raw\subject-Lederberg\session-20171209\task\trial_165.csv
0,166,0,0,0.5211875779010597,C:\Users\mreki\iBOTS-Developing-Data-Analysis-Projects\session2\data\steinmetz\no_neurons\raw\subject-Lederberg\session-20171209\task\trial_166.csv
0,167,25,100,0.591664897075475,C:\Users\mreki\iBOTS-Developing-Data-Analysis-Projects\session2\data\steinmetz\no_neurons\raw\subject-Lederberg\session-20171209\task\trial_167.csv
0,168,25,100,0.47144713615819,C:\Users\mreki\iBOTS-Developing-Data-Analysis-Projects\session2\data\steinmetz\no_neurons\raw\subject-Lederberg\session-20171209\task\trial_168.csv
0,169,25,100,0.7114206119083519,C:\Users\mreki\iBOTS-Developing-Data-Analysis-Projects\session2\data\steinmetz\no_neurons\raw\subject-Lederberg\session-20171209\task\trial_169.csv
0,170,25,0,0.5260374960133731,C:\Users\mreki\iBOTS-Developing-Data-Analysis-Projects\session2\data\steinmetz\no_neurons\raw\subject-Lederberg\session-20171209\task\trial_170.csv
0,171,25,100,0.5966860050865535,C:\Users\mreki\iBOTS-Developing-Data-Analysis-Projects\session2\data\steinmetz\no_neurons\raw\subject-Lederberg\session-20171209\task\trial_171.csv
0,172,25,25,0.781066530613316,C:\Users\mreki\iBOTS-Developing-Data-Analysis-Projects\session2\data\steinmetz\no_neurons\raw\subject-Lederberg\session-20171209\task\trial_172.csv
0,173,50,0,0.4466921597247619,C:\Users\mreki\iBOTS-Developing-Data-Analysis-Projects\session2\data\steinmetz\no_neurons\raw\subject-Lederberg\session-20171209\task\trial_173.csv
0,174,50,0,0.5114081474686145,C:\Users\mreki\iBOTS-Developing-Data-Analysis-Projects\session2\data\steinmetz\no_neurons\raw\subject-Lederberg\session-20171209\task\trial_174.csv
0,175,0,50,0.4517807691919415,C:\Users\mreki\iBOTS-Developing-Data-Analysis-Projects\session2\data\steinmetz\no_neurons\raw\subject-Lederberg\session-20171209\task\trial_175.csv
0,176,50,50,0.6915691764404528,C:\Users\mreki\iBOTS-Developing-Data-Analysis-Projects\session2\data\steinmetz\no_neurons\raw\subject-Lederberg\session-20171209\task\trial_176.csv
0,177,0,0,0.5665025613777743,C:\Users\mreki\iBOTS-Developing-Data-Analysis-Projects\session2\data\steinmetz\no_neurons\raw\subject-Lederberg\session-20171209\task\trial_177.csv
0,178,0,0,0.5916638802798388,C:\Users\mreki\iBOTS-Developing-Data-Analysis-Projects\session2\data\steinmetz\no_neurons\raw\subject-Lederberg\session-20171209\task\trial_178.csv
0,179,0,50,0.68665561125556,C:\Users\mreki\iBOTS-Developing-Data-Analysis-Projects\session2\data\steinmetz\no_neurons\raw\subject-Lederberg\session-20171209\task\trial_179.csv
0,180,100,0,0.4115787625081566,C:\Users\mreki\iBOTS-Developing-Data-Analysis-Projects\session2\data\steinmetz\no_neurons\raw\subject-Lederberg\session-20171209\task\trial_180.csv
0,181,0,50,0.6718662151922672,C:\Users\mreki\iBOTS-Developing-Data-Analysis-Projects\session2\data\steinmetz\no_neurons\raw\subject-Lederberg\session-20171209\task\trial_181.csv
0,182,100,50,0.5667796707306252,C:\Users\mreki\iBOTS-Developing-Data-Analysis-Projects\session2\data\steinmetz\no_neurons\raw\subject-Lederberg\session-20171209\task\trial_182.csv
0,183,100,0,0.7465088732208187,C:\Users\mreki\iBOTS-Developing-Data-Analysis-Projects\session2\data\steinmetz\no_neurons\raw\subject-Lederberg\session-20171209\task\trial_183.csv
0,184,0,50,0.7814636417318752,C:\Users\mreki\iBOTS-Developing-Data-Analysis-Projects\session2\data\steinmetz\no_neurons\raw\subject-Lederberg\session-20171209\task\trial_184.csv
0,185,100,50,0.5412409177872632,C:\Users\mreki\iBOTS-Developing-Data-Analysis-Projects\session2\data\steinmetz\no_neurons\raw\subject-Lederberg\session-20171209\task\trial_185.csv
0,186,0,0,0.5962703799127667,C:\Users\mreki\iBOTS-Developing-Data-Analysis-Projects\session2\data\steinmetz\no_neurons\raw\subject-Lederberg\session-20171209\task\trial_186.csv
0,187,0,0,0.6268023222605734,C:\Users\mreki\iBOTS-Developing-Data-Analysis-Projects\session2\data\steinmetz\no_neurons\raw\subject-Lederberg\session-20171209\task\trial_187.csv
0,188,25,100,0.4014309152419173,C:\Users\mreki\iBOTS-Developing-Data-Analysis-Projects\session2\data\steinmetz\no_neurons\raw\subject-Lederberg\session-20171209\task\trial_188.csv
0,189,50,0,0.6961142334307624,C:\Users\mreki\iBOTS-Developing-Data-Analysis-Projects\session2\data\steinmetz\no_neurons\raw\subject-Lederberg\session-20171209\task\trial_189.csv
0,190,50,0,0.4163651123827776,C:\Users\mreki\iBOTS-Developing-Data-Analysis-Projects\session2\data\steinmetz\no_neurons\raw\subject-Lederberg\session-20171209\task\trial_190.csv
0,191,50,0,0.7613848517551105,C:\Users\mreki\iBOTS-Developing-Data-Analysis-Projects\session2\data\steinmetz\no_neurons\raw\subject-Lederberg\session-20171209\task\trial_191.csv
0,192,0,0,0.7210716521989298,C:\Users\mreki\iBOTS-Developing-Data-Analysis-Projects\session2\data\steinmetz\no_neurons\raw\subject-Lederberg\session-20171209\task\trial_192.csv
0,193,0,100,0.4159478200880357,C:\Users\mreki\iBOTS-Developing-Data-Analysis-Projects\session2\data\steinmetz\no_neurons\raw\subject-Lederberg\session-20171209\task\trial_193.csv
0,194,25,0,0.6509582188232343,C:\Users\mreki\iBOTS-Developing-Data-Analysis-Projects\session2\data\steinmetz\no_neurons\raw\subject-Lederberg\session-20171209\task\trial_194.csv
0,195,0,0,0.6864663323141258,C:\Users\mreki\iBOTS-Developing-Data-Analysis-Projects\session2\data\steinmetz\no_neurons\raw\subject-Lederberg\session-20171209\task\trial_195.csv
0,196,0,0,0.5413439294702584,C:\Users\mreki\iBOTS-Developing-Data-Analysis-Projects\session2\data\steinmetz\no_neurons\raw\subject-Lederberg\session-20171209\task\trial_196.csv
0,197,25,50,0.4563259991326731,C:\Users\mreki\iBOTS-Developing-Data-Analysis-Projects\session2\data\steinmetz\no_neurons\raw\subject-Lederberg\session-20171209\task\trial_197.csv
0,198,0,100,0.466582463983741,C:\Users\mreki\iBOTS-Developing-Data-Analysis-Projects\session2\data\steinmetz\no_neurons\raw\subject-Lederberg\session-20171209\task\trial_198.csv
0,199,25,25,0.6664330912177547,C:\Users\mreki\iBOTS-Developing-Data-Analysis-Projects\session2\data\steinmetz\no_neurons\raw\subject-Lederberg\session-20171209\task\trial_199.csv
0,200,100,0,0.4757264536682442,C:\Users\mreki\iBOTS-Developing-Data-Analysis-Projects\session2\data\steinmetz\no_neurons\raw\subject-Lederberg\session-20171209\task\trial_200.csv
0,201,100,0,0.7062654022754487,C:\Users\mreki\iBOTS-Developing-Data-Analysis-Projects\session2\data\steinmetz\no_neurons\raw\subject-Lederberg\session-20171209\task\trial_201.csv
0,202,25,0,0.7409714081518359,C:\Users\mreki\iBOTS-Developing-Data-Analysis-Projects\session2\data\steinmetz\no_neurons\raw\subject-Lederberg\session-20171209\task\trial_202.csv
0,203,25,50,0.4167556821828384,C:\Users\mreki\iBOTS-Developing-Data-Analysis-Projects\session2\data\steinmetz\no_neurons\raw\subject-Lederberg\session-20171209\task\trial_203.csv
0,204,0,100,0.656324817881341,C:\Users\mreki\iBOTS-Developing-Data-Analysis-Projects\session2\data\steinmetz\no_neurons\raw\subject-Lederberg\session-20171209\task\trial_204.csv
0,205,0,25,0.5962409965003417,C:\Users\mreki\iBOTS-Developing-Data-Analysis-Projects\session2\data\steinmetz\no_neurons\raw\subject-Lederberg\session-20171209\task\trial_205.csv
0,206,25,0,0.6667158714858488,C:\Users\mreki\iBOTS-Developing-Data-Analysis-Projects\session2\data\steinmetz\no_neurons\raw\subject-Lederberg\session-20171209\task\trial_206.csv
0,207,25,0,0.6009368237907893,C:\Users\mreki\iBOTS-Developing-Data-Analysis-Projects\session2\data\steinmetz\no_neurons\raw\subject-Lederberg\session-20171209\task\trial_207.csv
0,208,100,25,0.6004611649896106,C:\Users\mreki\iBOTS-Developing-Data-Analysis-Projects\session2\data\steinmetz\no_neurons\raw\subject-Lederberg\session-20171209\task\trial_208.csv
0,209,0,100,0.6505061602017577,C:\Users\mreki\iBOTS-Developing-Data-Analysis-Projects\session2\data\steinmetz\no_neurons\raw\subject-Lederberg\session-20171209\task\trial_209.csv
0,210,0,0,0.7909070145508394,C:\Users\mreki\iBOTS-Developing-Data-Analysis-Projects\session2\data\steinmetz\no_neurons\raw\subject-Lederberg\session-20171209\task\trial_210.csv
0,211,0,0,0.6663218160757651,C:\Users\mreki\iBOTS-Developing-Data-Analysis-Projects\session2\data\steinmetz\no_neurons\raw\subject-Lederberg\session-20171209\task\trial_211.csv
0,212,0,100,0.7113765807097252,C:\Users\mreki\iBOTS-Developing-Data-Analysis-Projects\session2\data\steinmetz\no_neurons\raw\subject-Lederberg\session-20171209\task\trial_212.csv
0,213,0,0,0.4101106651917234,C:\Users\mreki\iBOTS-Developing-Data-Analysis-Projects\session2\data\steinmetz\no_neurons\raw\subject-Lederberg\session-20171209\task\trial_213.csv
0,214,100,25,0.6455745428802402,C:\Users\mreki\iBOTS-Developing-Data-Analysis-Projects\session2\data\steinmetz\no_neurons\raw\subject-Lederberg\session-20171209\task\trial_214.csv
0,215,25,100,0.5452826132544715,C:\Users\mreki\iBOTS-Developing-Data-Analysis-Projects\session2\data\steinmetz\no_neurons\raw\subject-Lederberg\session-20171209\task\trial_215.csv
0,216,25,100,0.4654884300863386,C:\Users\mreki\iBOTS-Developing-Data-Analysis-Projects\session2\data\steinmetz\no_neurons\raw\subject-Lederberg\session-20171209\task\trial_216.csv
0,217,100,25,0.5212506092179865,C:\Users\mreki\iBOTS-Developing-Data-Analysis-Projects\session2\data\steinmetz\no_neurons\raw\subject-Lederberg\session-20171209\task\trial_217.csv
0,218,50,100,0.7407179647022986,C:\Users\mreki\iBOTS-Developing-Data-Analysis-Projects\session2\data\steinmetz\no_neurons\raw\subject-Lederberg\session-20171209\task\trial_218.csv
0,219,25,50,0.5716364884543736,C:\Users\mreki\iBOTS-Developing-Data-Analysis-Projects\session2\data\steinmetz\no_neurons\raw\subject-Lederberg\session-20171209\task\trial_219.csv
0,220,0,50,0.7209443412168639,C:\Users\mreki\iBOTS-Developing-Data-Analysis-Projects\session2\data\steinmetz\no_neurons\raw\subject-Lederberg\session-20171209\task\trial_220.csv
0,221,100,0,0.766412064559745,C:\Users\mreki\iBOTS-Developing-Data-Analysis-Projects\session2\data\steinmetz\no_neurons\raw\subject-Lederberg\session-20171209\task\trial_221.csv
0,222,0,0,0.6705263098372143,C:\Users\mreki\iBOTS-Developing-Data-Analysis-Projects\session2\data\steinmetz\no_neurons\raw\subject-Lederberg\session-20171209\task\trial_222.csv
0,223,0,0,0.5058499024617049,C:\Users\mreki\iBOTS-Developing-Data-Analysis-Projects\session2\data\steinmetz\no_neurons\raw\subject-Lederberg\session-20171209\task\trial_223.csv
0,224,100,25,0.6758107271582503,C:\Users\mreki\iBOTS-Developing-Data-Analysis-Projects\session2\data\steinmetz\no_neurons\raw\subject-Lederberg\session-20171209\task\trial_224.csv
0,225,50,50,0.5912949887685954,C:\Users\mreki\iBOTS-Developing-Data-Analysis-Projects\session2\data\steinmetz\no_neurons\raw\subject-Lederberg\session-20171209\task\trial_225.csv
0,226,50,25,0.54117097768858,C:\Users\mreki\iBOTS-Developing-Data-Analysis-Projects\session2\data\steinmetz\no_neurons\raw\subject-Lederberg\session-20171209\task\trial_226.csv
0,227,0,100,0.7163060229576104,C:\Users\mreki\iBOTS-Developing-Data-Analysis-Projects\session2\data\steinmetz\no_neurons\raw\subject-Lederberg\session-20171209\task\trial_227.csv
0,228,0,0,0.5562686576275837,C:\Users\mreki\iBOTS-Developing-Data-Analysis-Projects\session2\data\steinmetz\no_neurons\raw\subject-Lederberg\session-20171209\task\trial_228.csv
0,229,25,50,0.6563613670275572,C:\Users\mreki\iBOTS-Developing-Data-Analysis-Projects\session2\data\steinmetz\no_neurons\raw\subject-Lederberg\session-20171209\task\trial_229.csv
0,230,25,50,0.4662755042704702,C:\Users\mreki\iBOTS-Developing-Data-Analysis-Projects\session2\data\steinmetz\no_neurons\raw\subject-Lederberg\session-20171209\task\trial_230.csv
0,231,25,100,0.5009558250329746,C:\Users\mreki\iBOTS-Developing-Data-Analysis-Projects\session2\data\steinmetz\no_neurons\raw\subject-Lederberg\session-20171209\task\trial_231.csv
0,232,25,100,0.7607524576259266,C:\Users\mreki\iBOTS-Developing-Data-Analysis-Projects\session2\data\steinmetz\no_neurons\raw\subject-Lederberg\session-20171209\task\trial_232.csv
0,233,100,50,0.721458926187438,C:\Users\mreki\iBOTS-Developing-Data-Analysis-Projects\session2\data\steinmetz\no_neurons\raw\subject-Lederberg\session-20171209\task\trial_233.csv
0,234,0,0,0.4859752462147071,C:\Users\mreki\iBOTS-Developing-Data-Analysis-Projects\session2\data\steinmetz\no_neurons\raw\subject-Lederberg\session-20171209\task\trial_234.csv
0,235,0,50,0.4109741868995797,C:\Users\mreki\iBOTS-Developing-Data-Analysis-Projects\session2\data\steinmetz\no_neurons\raw\subject-Lederberg\session-20171209\task\trial_235.csv
0,236,0,0,0.4462453677768963,C:\Users\mreki\iBOTS-Developing-Data-Analysis-Projects\session2\data\steinmetz\no_neurons\raw\subject-Lederberg\session-20171209\task\trial_236.csv
0,237,100,25,0.4761231040679377,C:\Users\mreki\iBOTS-Developing-Data-Analysis-Projects\session2\data\steinmetz\no_neurons\raw\subject-Lederberg\session-20171209\task\trial_237.csv
0,238,100,25,0.5260123597438451,C:\Users\mreki\iBOTS-Developing-Data-Analysis-Projects\session2\data\steinmetz\no_neurons\raw\subject-Lederberg\session-20171209\task\trial_238.csv
0,239,100,25,0.4861153637538109,C:\Users\mreki\iBOTS-Developing-Data-Analysis-Projects\session2\data\steinmetz\no_neurons\raw\subject-Lederberg\session-20171209\task\trial_239.csv
0,240,100,25,0.5556031967374793,C:\Users\mreki\iBOTS-Developing-Data-Analysis-Projects\session2\data\steinmetz\no_neurons\raw\subject-Lederberg\session-20171209\task\trial_240.csv
0,241,100,25,0.6501085829545445,C:\Users\mreki\iBOTS-Developing-Data-Analysis-Projects\session2\data\steinmetz\no_neurons\raw\subject-Lederberg\session-20171209\task\trial_241.csv
0,242,100,25,0.5258896289523136,C:\Users\mreki\iBOTS-Developing-Data-Analysis-Projects\session2\data\steinmetz\no_neurons\raw\subject-Lederberg\session-20171209\task\trial_242.csv
0,243,100,25,0.5852257453252605,C:\Users\mreki\iBOTS-Developing-Data-Analysis-Projects\session2\data\steinmetz\no_neurons\raw\subject-Lederberg\session-20171209\task\trial_243.csv
0,244,0,0,0.7259629950501676,C:\Users\mreki\iBOTS-Developing-Data-Analysis-Projects\session2\data\steinmetz\no_neurons\raw\subject-Lederberg\session-20171209\task\trial_244.csv
0,245,0,0,0.4301958132200525,C:\Users\mreki\iBOTS-Developing-Data-Analysis-Projects\session2\data\steinmetz\no_neurons\raw\subject-Lederberg\session-20171209\task\trial_245.csv
0,246,25,25,0.460741736050295,C:\Users\mreki\iBOTS-Developing-Data-Analysis-Projects\session2\data\steinmetz\no_neurons\raw\subject-Lederberg\session-20171209\task\trial_246.csv
0,247,0,100,0.430461827043473,C:\Users\mreki\iBOTS-Developing-Data-Analysis-Projects\session2\data\steinmetz\no_neurons\raw\subject-Lederberg\session-20171209\task\trial_247.csv
0,248,50,0,0.740175772999919,C:\Users\mreki\iBOTS-Developing-Data-Analysis-Projects\session2\data\steinmetz\no_neurons\raw\subject-Lederberg\session-20171209\task\trial_248.csv
0,249,0,50,0.7451725698279006,C:\Users\mreki\iBOTS-Developing-Data-Analysis-Projects\session2\data\steinmetz\no_neurons\raw\subject-Lederberg\session-20171209\task\trial_249.csv
0,250,100,0,0.5959159008821189,C:\Users\mreki\iBOTS-Developing-Data-Analysis-Projects\session2\data\steinmetz\no_neurons\raw\subject-Lederberg\session-20171209\task\trial_250.csv
0,251,25,25,0.4646152348736905,C:\Users\mreki\iBOTS-Developing-Data-Analysis-Projects\session2\data\steinmetz\no_neurons\raw\subject-Lederberg\session-20171209\task\trial_251.csv
0,252,0,0,0.6646930637036803,C:\Users\mreki\iBOTS-Developing-Data-Analysis-Projects\session2\data\steinmetz\no_neurons\raw\subject-Lederberg\session-20171209\task\trial_252.csv
0,253,100,25,0.4655963451316438,C:\Users\mreki\iBOTS-Developing-Data-Analysis-Projects\session2\data\steinmetz\no_neurons\raw\subject-Lederberg\session-20171209\task\trial_253.csv
0,254,100,25,0.6946890888286816,C:\Users\mreki\iBOTS-Developing-Data-Analysis-Projects\session2\data\steinmetz\no_neurons\raw\subject-Lederberg\session-20171209\task\trial_254.csv
0,255,100,25,0.6648111863173654,C:\Users\mreki\iBOTS-Developing-Data-Analysis-Projects\session2\data\steinmetz\no_neurons\raw\subject-Lederberg\session-20171209\task\trial_255.csv
0,256,0,50,0.7608137808515494,C:\Users\mreki\iBOTS-Developing-Data-Analysis-Projects\session2\data\steinmetz\no_neurons\raw\subject-Lederberg\session-20171209\task\trial_256.csv
0,257,100,0,0.7207524098216709,C:\Users\mreki\iBOTS-Developing-Data-Analysis-Projects\session2\data\steinmetz\no_neurons\raw\subject-Lederberg\session-20171209\task\trial_257.csv
0,258,100,25,0.551039565467363,C:\Users\mreki\iBOTS-Developing-Data-Analysis-Projects\session2\data\steinmetz\no_neurons\raw\subject-Lederberg\session-20171209\task\trial_258.csv
0,259,100,25,0.455554837315276,C:\Users\mreki\iBOTS-Developing-Data-Analysis-Projects\session2\data\steinmetz\no_neurons\raw\subject-Lederberg\session-20171209\task\trial_259.csv
0,260,0,0,0.4796469490854633,C:\Users\mreki\iBOTS-Developing-Data-Analysis-Projects\session2\data\steinmetz\no_neurons\raw\subject-Lederberg\session-20171209\task\trial_260.csv
0,261,100,25,0.5700650098733604,C:\Users\mreki\iBOTS-Developing-Data-Analysis-Projects\session2\data\steinmetz\no_neurons\raw\subject-Lederberg\session-20171209\task\trial_261.csv
0,262,25,50,0.5299644761958007,C:\Users\mreki\iBOTS-Developing-Data-Analysis-Projects\session2\data\steinmetz\no_neurons\raw\subject-Lederberg\session-20171209\task\trial_262.csv
0,263,0,0,0.5701337820116805,C:\Users\mreki\iBOTS-Developing-Data-Analysis-Projects\session2\data\steinmetz\no_neurons\raw\subject-Lederberg\session-20171209\task\trial_263.csv
0,264,50,0,0.6409073772474585,C:\Users\mreki\iBOTS-Developing-Data-Analysis-Projects\session2\data\steinmetz\no_neurons\raw\subject-Lederberg\session-20171209\task\trial_264.csv
0,265,0,0,0.6106886614984433,C:\Users\mreki\iBOTS-Developing-Data-Analysis-Projects\session2\data\steinmetz\no_neurons\raw\subject-Lederberg\session-20171209\task\trial_265.csv
0,266,0,0,0.5260839564816706,C:\Users\mreki\iBOTS-Developing-Data-Analysis-Projects\session2\data\steinmetz\no_neurons\raw\subject-Lederberg\session-20171209\task\trial_266.csv
0,267,25,0,0.5195867489310331,C:\Users\mreki\iBOTS-Developing-Data-Analysis-Projects\session2\data\steinmetz\no_neurons\raw\subject-Lederberg\session-20171209\task\trial_267.csv
0,268,0,0,0.6606768762392221,C:\Users\mreki\iBOTS-Developing-Data-Analysis-Projects\session2\data\steinmetz\no_neurons\raw\subject-Lederberg\session-20171209\task\trial_268.csv
0,269,0,100,0.4405623111329078,C:\Users\mreki\iBOTS-Developing-Data-Analysis-Projects\session2\data\steinmetz\no_neurons\raw\subject-Lederberg\session-20171209\task\trial_269.csv
0,270,100,25,0.4457200182573615,C:\Users\mreki\iBOTS-Developing-Data-Analysis-Projects\session2\data\steinmetz\no_neurons\raw\subject-Lederberg\session-20171209\task\trial_270.csv
0,271,100,25,0.6453755726049621,C:\Users\mreki\iBOTS-Developing-Data-Analysis-Projects\session2\data\steinmetz\no_neurons\raw\subject-Lederberg\session-20171209\task\trial_271.csv
0,272,100,25,0.6155708210726516,C:\Users\mreki\iBOTS-Developing-Data-Analysis-Projects\session2\data\steinmetz\no_neurons\raw\subject-Lederberg\session-20171209\task\trial_272.csv
0,273,100,25,0.6005896279659737,C:\Users\mreki\iBOTS-Developing-Data-Analysis-Projects\session2\data\steinmetz\no_neurons\raw\subject-Lederberg\session-20171209\task\trial_273.csv
0,274,100,25,0.6749348051660036,C:\Users\mreki\iBOTS-Developing-Data-Analysis-Projects\session2\data\steinmetz\no_neurons\raw\subject-Lederberg\session-20171209\task\trial_274.csv
0,275,100,25,0.5599971110511888,C:\Users\mreki\iBOTS-Developing-Data-Analysis-Projects\session2\data\steinmetz\no_neurons\raw\subject-Lederberg\session-20171209\task\trial_275.csv
0,276,100,25,0.7355814691213709,C:\Users\mreki\iBOTS-Developing-Data-Analysis-Projects\session2\data\steinmetz\no_neurons\raw\subject-Lederberg\session-20171209\task\trial_276.csv
0,277,100,25,0.4445437193107864,C:\Users\mreki\iBOTS-Developing-Data-Analysis-Projects\session2\data\steinmetz\no_neurons\raw\subject-Lederberg\session-20171209\task\trial_277.csv
0,278,100,25,0.7953246109534575,C:\Users\mreki\iBOTS-Developing-Data-Analysis-Projects\session2\data\steinmetz\no_neurons\raw\subject-Lederberg\session-20171209\task\trial_278.csv
0,279,100,25,0.6799143946575441,C:\Users\mreki\iBOTS-Developing-Data-Analysis-Projects\session2\data\steinmetz\no_neurons\raw\subject-Lederberg\session-20171209\task\trial_279.csv
0,280,100,25,0.7853266480815364,C:\Users\mreki\iBOTS-Developing-Data-Analysis-Projects\session2\data\steinmetz\no_neurons\raw\subject-Lederberg\session-20171209\task\trial_280.csv
0,281,0,50,,C:\Users\mreki\iBOTS-Developing-Data-Analysis-Projects\session2\data\steinmetz\no_neurons\raw\subject-Lederberg\session-20171209\task\trial_281.csv
0,282,100,25,,C:\Users\mreki\iBOTS-Developing-Data-Analysis-Projects\session2\data\steinmetz\no_neurons\raw\subject-Lederberg\session-20171209\task\trial_282.csv
0,283,0,100,,C:\Users\mreki\iBOTS-Developing-Data-Analysis-Projects\session2\data\steinmetz\no_neurons\raw\subject-Lederberg\session-20171209\task\trial_283.csv
0,284,0,100,,C:\Users\mreki\iBOTS-Developing-Data-Analysis-Projects\session2\data\steinmetz\no_neurons\raw\subject-Lederberg\session-20171209\task\trial_284.csv
0,285,0,100,,C:\Users\mreki\iBOTS-Developing-Data-Analysis-Projects\session2\data\steinmetz\no_neurons\raw\subject-Lederberg\session-20171209\task\trial_285.csv
0,286,0,100,,C:\Users\mreki\iBOTS-Developing-Data-Analysis-Projects\session2\data\steinmetz\no_neurons\raw\subject-Lederberg\session-20171209\task\trial_286.csv
0,287,100,0,,C:\Users\mreki\iBOTS-Developing-Data-Analysis-Projects\session2\data\steinmetz\no_neurons\raw\subject-Lederberg\session-20171209\task\trial_287.csv
0,288,100,50,,C:\Users\mreki\iBOTS-Developing-Data-Analysis-Projects\session2\data\steinmetz\no_neurons\raw\subject-Lederberg\session-20171209\task\trial_288.csv
0,289,0,100,,C:\Users\mreki\iBOTS-Developing-Data-Analysis-Projects\session2\data\steinmetz\no_neurons\raw\subject-Lederberg\session-20171209\task\trial_289.csv
0,290,0,50,,C:\Users\mreki\iBOTS-Developing-Data-Analysis-Projects\session2\data\steinmetz\no_neurons\raw\subject-Lederberg\session-20171209\task\trial_290.csv
0,291,0,100,,C:\Users\mreki\iBOTS-Developing-Data-Analysis-Projects\session2\data\steinmetz\no_neurons\raw\subject-Lederberg\session-20171209\task\trial_291.csv
0,292,0,100,,C:\Users\mreki\iBOTS-Developing-Data-Analysis-Projects\session2\data\steinmetz\no_neurons\raw\subject-Lederberg\session-20171209\task\trial_292.csv
0,293,0,100,,C:\Users\mreki\iBOTS-Developing-Data-Analysis-Projects\session2\data\steinmetz\no_neurons\raw\subject-Lederberg\session-20171209\task\trial_293.csv
0,294,0,25,,C:\Users\mreki\iBOTS-Developing-Data-Analysis-Projects\session2\data\steinmetz\no_neurons\raw\subject-Lederberg\session-20171209\task\trial_294.csv
0,295,0,25,,C:\Users\mreki\iBOTS-Developing-Data-Analysis-Projects\session2\data\steinmetz\no_neurons\raw\subject-Lederberg\session-20171209\task\trial_295.csv
0,296,0,100,,C:\Users\mreki\iBOTS-Developing-Data-Analysis-Projects\session2\data\steinmetz\no_neurons\raw\subject-Lederberg\session-20171209\task\trial_296.csv
0,297,0,100,,C:\Users\mreki\iBOTS-Developing-Data-Analysis-Projects\session2\data\steinmetz\no_neurons\raw\subject-Lederberg\session-20171209\task\trial_297.csv
0,298,0,100,,C:\Users\mreki\iBOTS-Developing-Data-Analysis-Projects\session2\data\steinmetz\no_neurons\raw\subject-Lederberg\session-20171209\task\trial_298.csv
0,299,0,100,,C:\Users\mreki\iBOTS-Developing-Data-Analysis-Projects\session2\data\steinmetz\no_neurons\raw\subject-Lederberg\session-20171209\task\trial_299.csv
0,300,0,100,,C:\Users\mreki\iBOTS-Developing-Data-Analysis-Projects\session2\data\steinmetz\no_neurons\raw\subject-Lederberg\session-20171209\task\trial_300.csv
0,301,100,100,,C:\Users\mreki\iBOTS-Developing-Data-Analysis-Projects\session2\data\steinmetz\no_neurons\raw\subject-Lederberg\session-20171209\task\trial_301.csv
0,302,100,0,,C:\Users\mreki\iBOTS-Developing-Data-Analysis-Projects\session2\data\steinmetz\no_neurons\raw\subject-Lederberg\session-20171209\task\trial_302.csv
0,303,0,100,,C:\Users\mreki\iBOTS-Developing-Data-Analysis-Projects\session2\data\steinmetz\no_neurons\raw\subject-Lederberg\session-20171209\task\trial_303.csv
0,304,0,100,,C:\Users\mreki\iBOTS-Developing-Data-Analysis-Projects\session2\data\steinmetz\no_neurons\raw\subject-Lederberg\session-20171209\task\trial_304.csv
0,305,0,50,,C:\Users\mreki\iBOTS-Developing-Data-Analysis-Projects\session2\data\steinmetz\no_neurons\raw\subject-Lederberg\session-20171209\task\trial_305.csv
0,306,0,100,,C:\Users\mreki\iBOTS-Developing-Data-Analysis-Projects\session2\data\steinmetz\no_neurons\raw\subject-Lederberg\session-20171209\task\trial_306.csv
0,307,0,50,,C:\Users\mreki\iBOTS-Developing-Data-Analysis-Projects\session2\data\steinmetz\no_neurons\raw\subject-Lederberg\session-20171209\task\trial_307.csv
0,308,0,25,,C:\Users\mreki\iBOTS-Developing-Data-Analysis-Projects\session2\data\steinmetz\no_neurons\raw\subject-Lederberg\session-20171209\task\trial_308.csv
0,309,100,25,,C:\Users\mreki\iBOTS-Developing-Data-Analysis-Projects\session2\data\steinmetz\no_neurons\raw\subject-Lederberg\session-20171209\task\trial_309.csv
0,310,0,100,,C:\Users\mreki\iBOTS-Developing-Data-Analysis-Projects\session2\data\steinmetz\no_neurons\raw\subject-Lederberg\session-20171209\task\trial_310.csv
0,311,0,100,,C:\Users\mreki\iBOTS-Developing-Data-Analysis-Projects\session2\data\steinmetz\no_neurons\raw\subject-Lederberg\session-20171209\task\trial_311.csv
0,312,0,100,,C:\Users\mreki\iBOTS-Developing-Data-Analysis-Projects\session2\data\steinmetz\no_neurons\raw\subject-Lederberg\session-20171209\task\trial_312.csv
0,313,0,100,,C:\Users\mreki\iBOTS-Developing-Data-Analysis-Projects\session2\data\steinmetz\no_neurons\raw\subject-Lederberg\session-20171209\task\trial_313.csv
0,314,0,50,,C:\Users\mreki\iBOTS-Developing-Data-Analysis-Projects\session2\data\steinmetz\no_neurons\raw\subject-Lederberg\session-20171209\task\trial_314.csv
0,315,100,0,,C:\Users\mreki\iBOTS-Developing-Data-Analysis-Projects\session2\data\steinmetz\no_neurons\raw\subject-Lederberg\session-20171209\task\trial_315.csv
0,316,0,100,,C:\Users\mreki\iBOTS-Developing-Data-Analysis-Projects\session2\data\steinmetz\no_neurons\raw\subject-Lederberg\session-20171209\task\trial_316.csv
0,317,0,50,,C:\Users\mreki\iBOTS-Developing-Data-Analysis-Projects\session2\data\steinmetz\no_neurons\raw\subject-Lederberg\session-20171209\task\trial_317.csv
0,318,0,100,,C:\Users\mreki\iBOTS-Developing-Data-Analysis-Projects\session2\data\steinmetz\no_neurons\raw\subject-Lederberg\session-20171209\task\trial_318.csv
0,319,0,100,,C:\Users\mreki\iBOTS-Developing-Data-Analysis-Projects\session2\data\steinmetz\no_neurons\raw\subject-Lederberg\session-20171209\task\trial_319.csv
0,320,0,25,,C:\Users\mreki\iBOTS-Developing-Data-Analysis-Projects\session2\data\steinmetz\no_neurons\raw\subject-Lederberg\session-20171209\task\trial_320.csv
0,321,100,50,,C:\Users\mreki\iBOTS-Developing-Data-Analysis-Projects\session2\data\steinmetz\no_neurons\raw\subject-Lederberg\session-20171209\task\trial_321.csv
0,322,100,100,,C:\Users\mreki\iBOTS-Developing-Data-Analysis-Projects\session2\data\steinmetz\no_neurons\raw\subject-Lederberg\session-20171209\task\trial_322.csv
0,323,100,100,,C:\Users\mreki\iBOTS-Developing-Data-Analysis-Projects\session2\data\steinmetz\no_neurons\raw\subject-Lederberg\session-20171209\task\trial_323.csv
0,324,0,100,,C:\Users\mreki\iBOTS-Developing-Data-Analysis-Projects\session2\data\steinmetz\no_neurons\raw\subject-Lederberg\session-20171209\task\trial_324.csv
0,325,0,25,,C:\Users\mreki\iBOTS-Developing-Data-Analysis-Projects\session2\data\steinmetz\no_neurons\raw\subject-Lederberg\session-20171209\task\trial_325.csv
0,326,100,100,,C:\Users\mreki\iBOTS-Developing-Data-Analysis-Projects\session2\data\steinmetz\no_neurons\raw\subject-Lederberg\session-20171209\task\trial_326.csv
0,327,0,100,,C:\Users\mreki\iBOTS-Developing-Data-Analysis-Projects\session2\data\steinmetz\no_neurons\raw\subject-Lederberg\session-20171209\task\trial_327.csv
0,328,100,25,,C:\Users\mreki\iBOTS-Developing-Data-Analysis-Projects\session2\data\steinmetz\no_neurons\raw\subject-Lederberg\session-20171209\task\trial_328.csv
0,329,100,25,,C:\Users\mreki\iBOTS-Developing-Data-Analysis-Projects\session2\data\steinmetz\no_neurons\raw\subject-Lederberg\session-20171209\task\trial_329.csv
0,330,0,100,,C:\Users\mreki\iBOTS-Developing-Data-Analysis-Projects\session2\data\steinmetz\no_neurons\raw\subject-Lederberg\session-20171209\task\trial_330.csv
0,331,0,50,,C:\Users\mreki\iBOTS-Developing-Data-Analysis-Projects\session2\data\steinmetz\no_neurons\raw\subject-Lederberg\session-20171209\task\trial_331.csv
0,332,100,50,,C:\Users\mreki\iBOTS-Developing-Data-Analysis-Projects\session2\data\steinmetz\no_neurons\raw\subject-Lederberg\session-20171209\task\trial_332.csv
0,333,0,100,,C:\Users\mreki\iBOTS-Developing-Data-Analysis-Projects\session2\data\steinmetz\no_neurons\raw\subject-Lederberg\session-20171209\task\trial_333.csv
0,334,0,50,,C:\Users\mreki\iBOTS-Developing-Data-Analysis-Projects\session2\data\steinmetz\no_neurons\raw\subject-Lederberg\session-20171209\task\trial_334.csv
0,335,100,50,,C:\Users\mreki\iBOTS-Developing-Data-Analysis-Projects\session2\data\steinmetz\no_neurons\raw\subject-Lederberg\session-20171209\task\trial_335.csv
0,336,0,100,,C:\Users\mreki\iBOTS-Developing-Data-Analysis-Projects\session2\data\steinmetz\no_neurons\raw\subject-Lederberg\session-20171209\task\trial_336.csv
0,337,100,50,,C:\Users\mreki\iBOTS-Developing-Data-Analysis-Projects\session2\data\steinmetz\no_neurons\raw\subject-Lederberg\session-20171209\task\trial_337.csv
0,338,100,100,,C:\Users\mreki\iBOTS-Developing-Data-Analysis-Projects\session2\data\steinmetz\no_neurons\raw\subject-Lederberg\session-20171209\task\trial_338.csv
0,339,100,100,,C:\Users\mreki\iBOTS-Developing-Data-Analysis-Projects\session2\data\steinmetz\no_neurons\raw\subject-Lederberg\session-20171209\task\trial_339.csv
0,340,0,100,,C:\Users\mreki\iBOTS-Developing-Data-Analysis-Projects\session2\data\steinmetz\no_neurons\raw\subject-Lederberg\session-20171209\task\trial_340.csv
0,341,0,100,,C:\Users\mreki\iBOTS-Developing-Data-Analysis-Projects\session2\data\steinmetz\no_neurons\raw\subject-Lederberg\session-20171209\task\trial_341.csv
0,342,100,100,,C:\Users\mreki\iBOTS-Developing-Data-Analysis-Projects\session2\data\steinmetz\no_neurons\raw\subject-Lederberg\session-20171209\task\trial_342.csv
0,343,0,100,,C:\Users\mreki\iBOTS-Developing-Data-Analysis-Projects\session2\data\steinmetz\no_neurons\raw\subject-Lederberg\session-20171209\task\trial_343.csv
0,344,0,100,,C:\Users\mreki\iBOTS-Developing-Data-Analysis-Projects\session2\data\steinmetz\no_neurons\raw\subject-Lederberg\session-20171209\task\trial_344.csv
0,345,0,100,,C:\Users\mreki\iBOTS-Developing-Data-Analysis-Projects\session2\data\steinmetz\no_neurons\raw\subject-Lederberg\session-20171209\task\trial_345.csv
0,346,0,25,,C:\Users\mreki\iBOTS-Developing-Data-Analysis-Projects\session2\data\steinmetz\no_neurons\raw\subject-Lederberg\session-20171209\task\trial_346.csv
0,347,100,25,,C:\Users\mreki\iBOTS-Developing-Data-Analysis-Projects\session2\data\steinmetz\no_neurons\raw\subject-Lederberg\session-20171209\task\trial_347.csv
0,348,0,100,,C:\Users\mreki\iBOTS-Developing-Data-Analysis-Projects\session2\data\steinmetz\no_neurons\raw\subject-Lederberg\session-20171209\task\trial_348.csv
0,349,100,100,,C:\Users\mreki\iBOTS-Developing-Data-Analysis-Projects\session2\data\steinmetz\no_neurons\raw\subject-Lederberg\session-20171209\task\trial_349.csv
0,350,0,100,,C:\Users\mreki\iBOTS-Developing-Data-Analysis-Projects\session2\data\steinmetz\no_neurons\raw\subject-Lederberg\session-20171209\task\trial_350.csv
0,351,0,100,,C:\Users\mreki\iBOTS-Developing-Data-Analysis-Projects\session2\data\steinmetz\no_neurons\raw\subject-Lederberg\session-20171209\task\trial_351.csv
0,352,100,25,,C:\Users\mreki\iBOTS-Developing-Data-Analysis-Projects\session2\data\steinmetz\no_neurons\raw\subject-Lederberg\session-20171209\task\trial_352.csv
0,353,100,50,,C:\Users\mreki\iBOTS-Developing-Data-Analysis-Projects\session2\data\steinmetz\no_neurons\raw\subject-Lederberg\session-20171209\task\trial_353.csv
0,354,100,0,,C:\Users\mreki\iBOTS-Developing-Data-Analysis-Projects\session2\data\steinmetz\no_neurons\raw\subject-Lederberg\session-20171209\task\trial_354.csv
0,355,0,100,,C:\Users\mreki\iBOTS-Developing-Data-Analysis-Projects\session2\data\steinmetz\no_neurons\raw\subject-Lederberg\session-20171209\task\trial_355.csv
0,356,100,0,,C:\Users\mreki\iBOTS-Developing-Data-Analysis-Projects\session2\data\steinmetz\no_neurons\raw\subject-Lederberg\session-20171209\task\trial_356.csv
0,357,0,100,,C:\Users\mreki\iBOTS-Developing-Data-Analysis-Projects\session2\data\steinmetz\no_neurons\raw\subject-Lederberg\session-20171209\task\trial_357.csv
0,358,0,100,,C:\Users\mreki\iBOTS-Developing-Data-Analysis-Projects\session2\data\steinmetz\no_neurons\raw\subject-Lederberg\session-20171209\task\trial_358.csv
0,359,100,50,,C:\Users\mreki\iBOTS-Developing-Data-Analysis-Projects\session2\data\steinmetz\no_neurons\raw\subject-Lederberg\session-20171209\task\trial_359.csv
0,360,100,25,,C:\Users\mreki\iBOTS-Developing-Data-Analysis-Projects\session2\data\steinmetz\no_neurons\raw\subject-Lederberg\session-20171209\task\trial_360.csv
0,361,0,100,,C:\Users\mreki\iBOTS-Developing-Data-Analysis-Projects\session2\data\steinmetz\no_neurons\raw\subject-Lederberg\session-20171209\task\trial_361.csv
0,362,100,50,,C:\Users\mreki\iBOTS-Developing-Data-Analysis-Projects\session2\data\steinmetz\no_neurons\raw\subject-Lederberg\session-20171209\task\trial_362.csv
0,363,100,0,,C:\Users\mreki\iBOTS-Developing-Data-Analysis-Projects\session2\data\steinmetz\no_neurons\raw\subject-Lederberg\session-20171209\task\trial_363.csv
0,364,0,100,,C:\Users\mreki\iBOTS-Developing-Data-Analysis-Projects\session2\data\steinmetz\no_neurons\raw\subject-Lederberg\session-20171209\task\trial_364.csv
0,365,0,100,,C:\Users\mreki\iBOTS-Developing-Data-Analysis-Projects\session2\data\steinmetz\no_neurons\raw\subject-Lederberg\session-20171209\task\trial_365.csv
0,366,100,50,,C:\Users\mreki\iBOTS-Developing-Data-Analysis-Projects\session2\data\steinmetz\no_neurons\raw\subject-Lederberg\session-20171209\task\trial_366.csv
0,367,100,100,,C:\Users\mreki\iBOTS-Developing-Data-Analysis-Projects\session2\data\steinmetz\no_neurons\raw\subject-Lederberg\session-20171209\task\trial_367.csv
0,368,100,0,,C:\Users\mreki\iBOTS-Developing-Data-Analysis-Projects\session2\data\steinmetz\no_neurons\raw\subject-Lederberg\session-20171209\task\trial_368.csv
0,369,0,100,,C:\Users\mreki\iBOTS-Developing-Data-Analysis-Projects\session2\data\steinmetz\no_neurons\raw\subject-Lederberg\session-20171209\task\trial_369.csv
0,370,100,0,,C:\Users\mreki\iBOTS-Developing-Data-Analysis-Projects\session2\data\steinmetz\no_neurons\raw\subject-Lederberg\session-20171209\task\trial_370.csv
0,371,0,100,,C:\Users\mreki\iBOTS-Developing-Data-Analysis-Projects\session2\data\steinmetz\no_neurons\raw\subject-Lederberg\session-20171209\task\trial_371.csv
0,372,0,25,,C:\Users\mreki\iBOTS-Developing-Data-Analysis-Projects\session2\data\steinmetz\no_neurons\raw\subject-Lederberg\session-20171209\task\trial_372.csv
0,373,0,100,,C:\Users\mreki\iBOTS-Developing-Data-Analysis-Projects\session2\data\steinmetz\no_neurons\raw\subject-Lederberg\session-20171209\task\trial_373.csv
0,374,0,100,,C:\Users\mreki\iBOTS-Developing-Data-Analysis-Projects\session2\data\steinmetz\no_neurons\raw\subject-Lederberg\session-20171209\task\trial_374.csv
0,375,0,100,,C:\Users\mreki\iBOTS-Developing-Data-Analysis-Projects\session2\data\steinmetz\no_neurons\raw\subject-Lederberg\session-20171209\task\trial_375.csv
0,376,0,50,,C:\Users\mreki\iBOTS-Developing-Data-Analysis-Projects\session2\data\steinmetz\no_neurons\raw\subject-Lederberg\session-20171209\task\trial_376.csv
0,377,100,25,,C:\Users\mreki\iBOTS-Developing-Data-Analysis-Projects\session2\data\steinmetz\no_neurons\raw\subject-Lederberg\session-20171209\task\trial_377.csv
0,378,100,0,,C:\Users\mreki\iBOTS-Developing-Data-Analysis-Projects\session2\data\steinmetz\no_neurons\raw\subject-Lederberg\session-20171209\task\trial_378.csv
0,379,100,100,,C:\Users\mreki\iBOTS-Developing-Data-Analysis-Projects\session2\data\steinmetz\no_neurons\raw\subject-Lederberg\session-20171209\task\trial_379.csv
0,380,0,100,,C:\Users\mreki\iBOTS-Developing-Data-Analysis-Projects\session2\data\steinmetz\no_neurons\raw\subject-Lederberg\session-20171209\task\trial_380.csv
0,381,100,25,,C:\Users\mreki\iBOTS-Developing-Data-Analysis-Projects\session2\data\steinmetz\no_neurons\raw\subject-Lederberg\session-20171209\task\trial_381.csv
0,382,100,50,,C:\Users\mreki\iBOTS-Developing-Data-Analysis-Projects\session2\data\steinmetz\no_neurons\raw\subject-Lederberg\session-20171209\task\trial_382.csv
0,383,0,25,,C:\Users\mreki\iBOTS-Developing-Data-Analysis-Projects\session2\data\steinmetz\no_neurons\raw\subject-Lederberg\session-20171209\task\trial_383.csv
0,384,0,100,,C:\Users\mreki\iBOTS-Developing-Data-Analysis-Projects\session2\data\steinmetz\no_neurons\raw\subject-Lederberg\session-20171209\task\trial_384.csv
0,385,0,100,,C:\Users\mreki\iBOTS-Developing-Data-Analysis-Projects\session2\data\steinmetz\no_neurons\raw\subject-Lederberg\session-20171209\task\trial_385.csv
0,386,100,0,,C:\Users\mreki\iBOTS-Developing-Data-Analysis-Projects\session2\data\steinmetz\no_neurons\raw\subject-Lederberg\session-20171209\task\trial_386.csv
0,387,0,25,,C:\Users\mreki\iBOTS-Developing-Data-Analysis-Projects\session2\data\steinmetz\no_neurons\raw\subject-Lederberg\session-20171209\task\trial_387.csv
0,388,0,25,,C:\Users\mreki\iBOTS-Developing-Data-Analysis-Projects\session2\data\steinmetz\no_neurons\raw\subject-Lederberg\session-20171209\task\trial_388.csv
0,389,100,25,,C:\Users\mreki\iBOTS-Developing-Data-Analysis-Projects\session2\data\steinmetz\no_neurons\raw\subject-Lederberg\session-20171209\task\trial_389.csv
0,390,0,50,,C:\Users\mreki\iBOTS-Developing-Data-Analysis-Projects\session2\data\steinmetz\no_neurons\raw\subject-Lederberg\session-20171209\task\trial_390.csv
